INSERT INTO Readers (reader_id, surname, name, middle_name, date_of_birth, phone_number) VALUES 
(12345, 'Иванов', 'Иван', 'Иванович', '1990-05-15', '123-456-7890'),
(23456, 'Петров', 'Петр', 'Петрович', '1985-10-20', '456-789-0123'),
(34567, 'Сидоров', 'Сидор', 'Сидорович', '1978-03-25', '789-012-3456'),
(45678, 'Козлов', 'Алексей', 'Андреевич', '1982-07-12', '012-345-6789'),
(56789, 'Смирнова', 'Ольга', 'Викторовна', '1995-12-30', '234-567-8901'),
(67890, 'Кузнецов', 'Дмитрий', 'Владимирович', '1973-08-05', '567-890-1234'),
(78901, 'Васильева', 'Марина', 'Юрьевна', '1989-04-19', '890-123-4567'),
(89012, 'Попов', 'Артем', 'Сергеевич', '1987-01-08', '123-456-7890'),
(90123, 'Николаев', 'Владимир', 'Александрович', '1980-09-22', '456-789-0123'),
(11223, 'Захаров', 'Игорь', 'Анатольевич', '1975-06-17', '789-012-3456'),
(22334, 'Коваленко', 'Наталья', 'Павловна', '1992-11-07', '012-345-6789'),
(33445, 'Беляев', 'Антон', 'Игоревич', '1984-02-11', '234-567-8901'),
(44556, 'Макаренко', 'Елена', 'Романовна', '1986-07-23', '567-890-1234'),
(55667, 'Богданов', 'Денис', 'Михайлович', '1979-12-01', '890-123-4567'),
(66778, 'Лебедев', 'Егор', 'Николаевич', '1998-05-18', '123-456-7890'),
(77889, 'Тарасова', 'Анастасия', 'Сергеевна', '1991-10-29', '456-789-0123');

INSERT INTO Departments (department_id, dep_name) VALUES 
(12345, 'Отдел художественной литературы'),
(23456, 'Отдел научной литературы'),
(34567, 'Отдел детской литературы'),
(45678, 'Отдел иностранной литературы'),
(56789, 'Отдел компьютерных технологий'),
(67890, 'Отдел исторической литературы'),
(78901, 'Отдел поэзии'),
(89012, 'Отдел фантастики и приключений'),
(90123, 'Отдел книг для саморазвития'),
(01234, 'Отдел психологии и самопомощи'),
(98765, 'Отдел документации и обучающих пособий'),
(87654, 'Отдел кулинарии и домашнего хозяйства'),
(76543, 'Отдел медицинской литературы'),
(65436, 'Отдел криминальных романов'),
(54321, 'Отдел биографий и мемуаров'),
(43210, 'Отдел религиозных текстов');

INSERT INTO Books (book_id, department_id, title, author, volume, publishing_year, book_status) VALUES
(00001, 12345, 'Война и мир', 'Лев Толстой', 1300, 1993, 'доступна'),
(00002, 23456, 'Краткая история времени', 'Стивен Хокинг', 231, 1988, 'доступна'),
(00003, 34567, 'Гарри Поттер и философский камень', 'Джоан Роулинг', 320, 1997, 'доступна'),
(00004, 45678, 'The Great Gatsby', 'F. Scott Fitzgerald', 180, 2017, 'доступна'),
(00005, 56789, 'Clean Code', 'Роберт Мартин', 464, 2008, 'недоступна'),
(00006, 67890, 'История Росси́и с древне́йших времён', 'Сергей Михайлович Соловьёв', 1021, 2017, 'доступна'),
(00007, 78901, 'Стихотворения', 'Александр Пушкин', 150, 1997, 'недоступна'),
(00008, 45678, '1984', 'Джордж Оруэлл', 328, 2015, 'недоступна'),
(00009, 90123, 'Магия утра', 'Хэл Элрод', 240, 2014, 'недоступна'),
(00010, 01234, 'Предел разумного', 'Фейнман Ричард', 288, 1994, 'доступна'),
(00011, 98765, 'Python для детей', 'Джейсон Р. Бриггс', 320, 2018, 'доступна'),
(00012, 87654, 'Mastering the Art of French Cooking', 'Жюль Чайлд', 684, 1991, 'недоступна'),
(00013, 76543, 'Психосоматика', 'Святослав Медведев', 400, 1988, 'недоступна'),
(00014, 65436, 'Убийство в Восточном экспрессе', 'Агата Кристи', 256, 2015, 'доступна'),
(00015, 54321, 'Steve Jobs', 'Уолтер Айзексон', 656, 2011, 'недоступна'),
(00016, 43210, 'Библия', 'разные авторы', 1520, 2018, 'доступна'),
(00017, 12345, 'Камера обскура', 'Владимир Набоков', 224, 1998, 'недоступна'),
(00018, 45678, 'Под стеклянным колпаком', 'Сильвия Плат', 288, 2006, 'доступна'),
(00019, 45678, 'Чайка по имени Джонатан Ливингстон', 'Ричард Бах', 128, 1970, 'доступна'),
(00020, 12345, 'Мастер и Маргарита', 'Михаил Булгаков', 480, 1966, 'недоступна'),
(00021, 45678, 'The Catcher in the Rye', 'J.D. Salinger', 224, 1981, 'доступна'),
(00022, 89012, 'Гарри Поттер и узник Азкабана', 'Джоан Роулинг', 400, 1999, 'доступна'),
(00023, 45678, 'Маленький принц', 'Антуан де Сент-Экзюпери', 96, 1973, 'недоступна');

INSERT INTO Reservation (reservation_id, reader_id, book_id, reserv_date, end_of_reservation) VALUES
(123456, 12345, 00001, '2023-11-05', '2023-11-12'), 
(234567, 23456, 00002, '2023-11-06', '2023-11-13'), 
(345678, 34567, 00003, '2023-11-07', '2023-11-14'), 
(456789, 45678, 00004, '2023-11-08', '2023-11-15'), 
(567890, 56789, 00005, '2023-11-09', '2023-11-16'), 
(678901, 67890, 00006, '2023-11-10', '2023-11-17'), 
(789012, 78901, 00007, '2023-11-11', '2023-11-18'), 
(890123, 89012, 00008, '2023-11-12', '2023-11-19'), 
(901234, 90123, 00009, '2023-11-13', '2023-11-20'), 
(101112, 11223, 00010, '2023-11-14', '2023-11-21'), 
(111223, 22334, 00011, '2023-11-15', '2023-11-22'), 
(122334, 33445, 00012, '2023-11-16', '2023-11-23'), 
(133445, 44556, 00013, '2023-11-17', '2023-11-24'), 
(144556, 55667, 00014, '2023-11-18', '2023-11-25'), 
(155667, 66778, 00009, '2024-04-09', '2024-04-16'),
(189876, 67890, 00017, '2024-04-09', '2024-04-16');

INSERT INTO Accounting_of_books (movement_id, reader_id, book_id, issue_date, return_deadline_date, return_date) VALUES 
(000001, 12345, 00001, '2023-11-01', '2024-11-15', '2023-11-13'),
(000002, 23456, 00002, '2023-11-02', '2023-11-16', '2023-11-13'),
(000003, 34567, 00003, '2023-11-03', '2023-11-17', '2023-11-19'),
(000004, 45678, 00004, '2023-11-04', '2023-11-18', '2023-11-28'),
(000005, 56789, 00005, '2023-11-04', '2023-11-18', NULL),
(000006, 67890, 00006, '2023-11-06', '2023-11-20', '2023-11-13'),
(000007, 78901, 00007, '2023-11-06', '2023-11-20', '2023-11-14'),
(000008, 89012, 00008, '2023-12-08', '2023-12-22', '2023-12-13'), 
(000009, 90123, 00009, '2023-12-09', '2023-12-23', '2023-11-16'),
(000010, 12345, 00010, '2023-12-10', '2023-12-24', '2023-12-24'),
(000011, 22334, 00011, '2023-12-11', '2023-12-18', '2023-12-18'),
(000012, 33445, 00012, '2023-12-12', '2023-12-19', NULL),
(000013, 44556, 00013, '2023-12-13', '2023-12-20', NULL),
(000014, 55667, 00014, '2023-12-14', '2023-11-21', '2023-11-20'),
(000015, 12345, 00015, '2023-12-15', '2023-11-22', NULL),
(000016, 77889, 00016, '2023-12-16', '2023-11-23', '2023-11-21'),
(000017, 12345, 00017, '2023-12-17', '2023-11-24', '2023-11-24'),
(000018, 45678, 00018, '2023-12-18', '2023-11-25', '2023-11-25'),
(000019, 45678, 00019, '2023-11-19', '2023-11-26', '2023-11-27'),
(000020, 12345, 00020, '2023-11-20', '2023-11-27', NULL),
(000021, 45678, 00021, '2023-11-21', '2023-11-28', '2023-11-29'),
(000022, 89012, 00022, '2023-11-22', '2023-11-29', '2023-11-29'),
(000023, 45678, 00023, '2023-11-23', '2023-11-30', NULL),
(000025, 12345, 00008, '2024-03-09', '2024-03-23', NULL),
(000026, 89012, 00007, '2024-04-04', '2024-04-20', NULL);

INSERT INTO Debts(debt_id, movement_id, reader_id, debt_status) VALUES 
(0001, 000003, 34567, 'Закрыт'),
(0002, 000004, 45678, 'Закрыт'),
(0003, 000005, 56789, 'Открыт'),
(0004, 000008, 89012, 'Открыт'),
(0005, 000012, 33445, 'Открыт'),
(0006, 000013, 44556, 'Открыт'),
(0007, 000015, 12345, 'Открыт'),
(0008, 000019, 45678, 'Закрыт'),
(0009, 000020, 12345, 'Открыт'),
(0010, 000021, 45678, 'Закрыт'),
(0011, 000026, 89012 'Открыт'),
(0012, 000023, 45678, 'Открыт'),
(0013, 000025, 12345, 'Открыт');

/* Полуить идентификаторы, автора и названия доступных книг */
SELECT book_id, author, title
FROM Books
WHERE status = 'доступна'
  
/*Получить идентификатор бронирования, дату бронирования и конечную дату бронирования для тех бронирований, которые были сделаны в 2023 году*/

SELECT reservation_id, reserv_date, end_of_reservation 
FROM Reservation 
WHERE reserv_date >= '2023-01-01'
AND end_of_reservation <= '2023-12-31'; 

/*Получить идентификатор, имя, фамилию читателей и номер читателей, которые имеет долги*/

SELECT reader_id, name, surname, phone_number
FROM Debts
WHERE debt_status = 'Открыт'; 

/*Получить фамилии и имена читателей, родившихся в период с 1990 по 2000 год, отсортированных по фамилии в алфавитном порядке*/

SELECT surname, name 
FROM Readers 
WHERE date_of_birth 
BETWEEN '1990-01-01' 
AND '2000-12-31' 
ORDER BY surname ASC;

/*Получить названия и авторов книг, у которых объем больше 200 страниц, отсортированных по объему в порядке возрастания*/

SELECT title, author
FROM Books
WHERE volume > 200
ORDER BY volume ASC;

/* Получить идентификатор и название книг, относящихся к отделу художественной литературы */

SELECT book_id, title
FROM Books
WHERE department_id IN (SELECT department_id FROM Departments WHERE dep_name = 'Отдел художественной литературы');

/* Получить название и автора топ-5 книг по количеству бронирований */

SELECT title, author, COUNT(*) AS total_reservations 
FROM Books 
JOIN Reservation ON Books.book_id = Reservation.book_id 
GROUP BY title, author 
ORDER BY total_reservations DESC LIMIT 5; 

/* Получить количество читателей библиотеки */

SELECT COUNT(*) AS total_readers 
FROM Readers; 

/* Получить название, автора и год публикации экземпляров книг, изданных с 2000 по 2010 год, и сортирует результаты по году издания */

SELECT title, author, publishing_year
FROM Books 
WHERE publishing_year BETWEEN 2000 AND 2020
ORDER BY publishing_year;

/* Получить имя и фамилию самого молодого читателя */
SELECT surname, name
FROM Readers
WHERE date_of_birth < (SELECT MAX(date_of_birth) FROM Readers); 












